Workbook

Sheet Consignes
A1: Consignes pour analyser les données d'un tri de carte fermé
A2: Consigne générale : modifier uniquement les cellules en jaune
A3: Feuille Catégories
A4: encoder les libellés de catégories courts dans la zone jaune et laisser les cellules inutiles vides
A5: Feuille Cartes
A6: encoder les libellés de cartes et la catégorie associée pressentie dans la zone jaune et laisser les cellules inutiles vides
A7: encoder les libellés par ordre alphabétique pour que la numérotation ne définisse pas les catégories
A8: indiquer les numéros au verso des cartes au crayon pour faciliter l'encodage
A9: astuce : faire du publipostage pour créer un document Word avec les cartes en utilisant les documents au format d'étiquette
A10: Jouer le tri de cartes avec au moins 5 participants
A11: Feuille Réponses
A12: encoder les réponses des participants dans la zone jaune et laissez les cellules inutiles vides
... A23: Source : lien

Sheet Catégories
B1: Libellé de catégorie | C1: Nb cartes pressenties par catégorie
A2: 1 | B2: Catégorie 1 | C2: =COUNTIF(Cartes!$C$2:$C$101,"="&A2) -> 6
A3: 2 | B3: Catégorie 2 | C3: =COUNTIF(Cartes!$C$2:$C$101,"="&A3) -> 5
A4: 3 | B4: Catégorie 3 | C4: =COUNTIF(Cartes!$C$2:$C$101,"="&A4) -> 5
A5: 4 | B5: Catégorie 4 | C5: =COUNTIF(Cartes!$C$2:$C$101,"="&A5) -> 4
A6: 5 | B6: Catégorie 5 | C6: =COUNTIF(Cartes!$C$2:$C$101,"="&A6) -> 3
A7: 6 | B7: Catégorie 6 | C7: =COUNTIF(Cartes!$C$2:$C$101,"="&A7) -> 2
A8: 7 | B8: Catégorie 7 | C8: =COUNTIF(Cartes!$C$2:$C$101,"="&A8) -> 4
A9: 8 | B9: Catégorie 8 | C9: =COUNTIF(Cartes!$C$2:$C$101,"="&A9) -> 7
A10: 9 | B10: Catégorie 9 | C10: =COUNTIF(Cartes!$C$2:$C$101,"="&A10) -> 4
A11: 10 | B11: Catégorie 10 | C11: =COUNTIF(Cartes!$C$2:$C$101,"="&A11) -> 5
A12: 11 | B12: Catégorie 11 | C12: =COUNTIF(Cartes!$C$2:$C$101,"="&A12) -> 3
A13: 12 | B13: Catégorie 12 | C13: =COUNTIF(Cartes!$C$2:$C$101,"="&A13) -> 2
... A21: 20 | B21: Catégorie 20 | C21: =COUNTIF(Cartes!$C$2:$C$101,"="&A21) -> 4

Sheet Cartes
B1: Libellé de carte | C1: Catégorie pressentie
A2: 1 | B2: Libellé 1 | C2: 14
A3: 2 | B3: Libellé 2 | C3: 8
A4: 3 | B4: Libellé 3 | C4: 19
A5: 4 | B5: Libellé 4 | C5: 18
A6: 5 | B6: Libellé 5 | C6: 9
A7: 6 | B7: Libellé 6 | C7: 1
A8: 7 | B8: Libellé 7 | C8: 15
A9: 8 | B9: Libellé 8 | C9: 2
A10: 9 | B10: Libellé 9 | C10: 7
A11: 10 | B11: Libellé 10 | C11: 18
A12: 11 | B12: Libellé 11 | C12: 2
A13: 12 | B13: Libellé 12 | C13: 1
... A101: 100 | B101: Libellé 100 | C101: 17

Sheet Réponses
B1: Participant 1 | C1: Participant 2 | D1: Participant 3 | E1: Participant 4 | F1: Participant 5 | G1: Participant 6 | H1: Participant 7 | I1: Participant 8 | J1: Participant 9 | K1: Participant 10 | L1: Participant 11 | M1: Participant 12 | N1: Participant 13 | O1: Participant 14 | P1: Participant 15 | Q1: Participant 16 | R1: Participant 17 | S1: Participant 18 | T1: Participant 19 | U1: Participant 20
A2: 1 | B2: 14 | C2: 14 | D2: 11 | E2: 14 | F2: 2 | G2: 14 | H2: 3 | I2: 14 | J2: 2 | K2: 3 | L2: 14 | M2: 3 | N2: 11 | O2: 3 | P2: 14 | Q2: 14 | R2: 3 | S2: 14 | T2: 11 | U2: 14
A3: 2 | B3: 3 | C3: 8 | D3: 8 | E3: 8 | F3: 8 | G3: 9 | H3: 2 | I3: 9 | J3: 9 | K3: 9 | L3: 9 | M3: 9 | N3: 9 | O3: 9 | P3: 9 | Q3: 9 | R3: 9 | S3: 9 | T3: 9 | U3: 3
A4: 3 | B4: 19 | C4: 19 | D4: 19 | E4: 3 | F4: 19 | G4: 19 | H4: 19 | I4: 19 | J4: 19 | K4: 19 | L4: 19 | M4: 19 | N4: 19 | O4: 19 | P4: 19 | Q4: 19 | R4: 19 | S4: 19 | T4: 19 | U4: 19
A5: 4 | B5: 18 | C5: 18 | D5: 18 | E5: 18 | F5: 18 | G5: 18 | H5: 18 | I5: 18 | J5: 18 | K5: 18 | L5: 18 | M5: 18 | N5: 18 | O5: 18 | P5: 18 | Q5: 18 | R5: 18 | S5: 18 | T5: 18 | U5: 18
A6: 5 | B6: 9 | C6: 9 | D6: 9 | E6: 9 | F6: 9 | G6: 9 | H6: 9 | I6: 9 | J6: 9 | K6: 9 | L6: 9 | M6: 9 | N6: 9 | O6: 9 | P6: 9 | Q6: 9 | R6: 9 | S6: 9 | T6: 9 | U6: 9
A7: 6 | B7: 1 | C7: 1 | D7: 1 | E7: 1 | F7: 1 | G7: 1 | H7: 1 | I7: 1 | J7: 1 | K7: 1 | L7: 1 | M7: 1 | N7: 1 | O7: 1 | P7: 1 | Q7: 1 | R7: 1 | S7: 1 | T7: 1 | U7: 1
A8: 7 | B8: 15 | C8: 15 | D8: 15 | E8: 15 | F8: 15 | G8: 15 | H8: 15 | I8: 15 | J8: 15 | K8: 15 | L8: 15 | M8: 15 | N8: 15 | O8: 15 | P8: 15 | Q8: 15 | R8: 15 | S8: 15 | T8: 15 | U8: 15
A9: 8 | B9: 2 | C9: 2 | D9: 2 | E9: 2 | F9: 2 | G9: 2 | H9: 2 | I9: 2 | J9: 2 | K9: 2 | L9: 2 | M9: 2 | N9: 2 | O9: 2 | P9: 2 | Q9: 2 | R9: 2 | S9: 2 | T9: 2 | U9: 2
A10: 9 | B10: 7 | C10: 7 | D10: 7 | E10: 7 | F10: 7 | G10: 7 | H10: 7 | I10: 7 | J10: 7 | K10: 7 | L10: 7 | M10: 7 | N10: 7 | O10: 7 | P10: 7 | Q10: 7 | R10: 7 | S10: 7 | T10: 7 | U10: 7
A11: 10 | B11: 18 | C11: 18 | D11: 18 | E11: 18 | F11: 18 | G11: 18 | H11: 18 | I11: 18 | J11: 18 | K11: 18 | L11: 18 | M11: 18 | N11: 18 | O11: 18 | P11: 18 | Q11: 18 | R11: 18 | S11: 18 | T11: 18 | U11: 18
A12: 11 | B12: 2 | C12: 2 | D12: 2 | E12: 2 | F12: 2 | G12: 2 | H12: 2 | I12: 2 | J12: 2 | K12: 2 | L12: 2 | M12: 2 | N12: 2 | O12: 2 | P12: 2 | Q12: 2 | R12: 2 | S12: 2 | T12: 2 | U12: 2
A13: 12 | B13: 1 | C13: 1 | D13: 1 | E13: 1 | F13: 1 | G13: 1 | H13: 1 | I13: 1 | J13: 1 | K13: 1 | L13: 1 | M13: 1 | N13: 1 | O13: 1 | P13: 1 | Q13: 1 | R13: 1 | S13: 1 | T13: 1 | U13: 1
... A39: 38 | B39: 14 | C39: 14 | D39: 14 | E39: 14 | F39: 3 | G39: 14 | H39: 3 | I39: 14 | J39: 14 | K39: 3 | L39: 14 | M39: 3 | N39: 14 | O39: 14 | P39: 14 | Q39: 14 | R39: 3 | S39: 14 | T39: 14 | U39: 14
A40: 39 | B40: 4 | C40: 4 | D40: 4 | E40: 4 | G40: 4 | H40: 4 | I40: 4 | J40: 4 | K40: 4 | L40: 4 | M40: 4 | N40: 4 | O40: 4 | P40: 4 | Q40: 4 | R40: 4 | S40: 4 | T40: 4 | U40: 4
A41: 40 | B41: 3 | C41: 3 | D41: 3 | E41: 3 | F41: 3 | G41: 3 | H41: 3 | I41: 3 | J41: 3 | K41: 3 | L41: 3 | M41: 3 | N41: 3 | O41: 3 | P41: 3 | Q41: 3 | R41: 3 | S41: 3 | T41: 3 | U41: 3
A42: 41 | B42: 10 | C42: 10 | D42: 10 | E42: 10 | F42: 10 | G42: 10 | H42: 10 | I42: 10 | J42: 10 | K42: 10 | L42: 10 | M42: 10 | N42: 10 | O42: 10 | P42: 10 | Q42: 10 | R42: 10 | S42: 10 | T42: 10 | U42: 10
A43: 42 | B43: 9 | C43: 9 | D43: 9 | E43: 9 | F43: 9 | G43: 9 | H43: 9 | I43: 9 | J43: 9 | K43: 9 | L43: 9 | M43: 9 | N43: 9 | O43: 9 | P43: 9 | Q43: 9 | R43: 9 | S43: 9 | T43: 9 | U43: 9
A44: 43 | B44: 10 | C44: 10 | D44: 10 | E44: 10 | F44: 10 | G44: 10 | H44: 10 | I44: 10 | J44: 10 | K44: 10 | L44: 10 | M44: 10 | N44: 10 | O44: 10 | P44: 10 | Q44: 10 | R44: 10 | S44: 10 | T44: 10 | U44: 10
A45: 44 | B45: 2 | C45: 2 | D45: 2 | E45: 2 | F45: 2 | G45: 2 | H45: 2 | I45: 2 | J45: 2 | K45: 2 | L45: 2 | M45: 2 | N45: 2 | O45: 2 | P45: 2 | Q45: 2 | R45: 2 | S45: 2 | T45: 2 | U45: 2
A46: 45 | B46: 8 | C46: 8 | D46: 8 | E46: 8 | F46: 8 | G46: 8 | H46: 8 | I46: 8 | J46: 8 | K46: 8 | L46: 8 | M46: 8 | N46: 8 | O46: 8 | P46: 8 | Q46: 8 | R46: 8 | S46: 8 | T46: 8 | U46: 8
A47: 46 | B47: 4 | C47: 4 | D47: 4 | E47: 4 | F47: 4 | G47: 4 | H47: 4 | I47: 4 | J47: 4 | K47: 4 | L47: 4 | M47: 4 | N47: 4 | O47: 4 | P47: 4 | Q47: 4 | R47: 4 | S47: 4 | T47: 4 | U47: 4
A48: 47 | B48: 17 | C48: 17 | D48: 17 | E48: 17 | F48: 17 | G48: 17 | H48: 17 | I48: 17 | J48: 17 | K48: 17 | L48: 17 | M48: 17 | N48: 17 | O48: 17 | P48: 17 | Q48: 17 | R48: 17 | S48: 17 | T48: 17 | U48: 17
A49: 48 | B49: 11 | C49: 11 | D49: 11 | E49: 11 | F49: 11 | G49: 11 | H49: 11 | I49: 11 | J49: 11 | K49: 11 | L49: 11 | M49: 11 | N49: 11 | O49: 11 | P49: 11 | Q49: 11 | R49: 11 | S49: 11 | T49: 11 | U49: 11
A50: 49 | B50: 5 | C50: 5 | D50: 5 | E50: 5 | F50: 5 | G50: 5 | H50: 5 | I50: 5 | J50: 5 | K50: 5 | L50: 5 | M50: 5 | N50: 5 | O50: 5 | P50: 5 | Q50: 5 | R50: 5 | S50: 5 | T50: 5 | U50: 5
A51: 50 | B51: 9 | C51: 9 | D51: 9 | E51: 9 | F51: 9 | G51: 9 | H51: 9 | I51: 9 | J51: 9 | K51: 9 | L51: 9 | M51: 9 | N51: 9 | O51: 9 | P51: 9 | Q51: 9 | R51: 9 | S51: 9 | T51: 9 | U51: 9
A52: 51 | B52: 3 | C52: 3 | D52: 3 | E52: 3 | F52: 3 | G52: 3 | H52: 3 | I52: 3 | J52: 3 | K52: 3 | L52: 3 | M52: 3 | N52: 3 | O52: 3 | P52: 3 | Q52: 3 | R52: 3 | S52: 3 | T52: 3 | U52: 3
... A101: 100 | B101: 17 | C101: 17 | D101: 17 | E101: 17 | F101: 17 | G101: 17 | H101: 17 | I101: 17 | J101: 17 | K101: 17 | L101: 17 | M101: 17 | N101: 17 | O101: 17 | P101: 17 | Q101: 17 | R101: 17 | S101: 17 | T101: 17 | U101: 17

Sheet Analyse du classement
C1: {=TRANSPOSE(Catégories!A2:B21)} -> 1 | D1: 2 | E1: 3 | F1: 4 | G1: 5 | H1: 6 | I1: 7 | J1: 8 | K1: 9 | L1: 10 | M1: 11 | N1: 12 | O1: 13 | P1: 14 | Q1: 15 | R1: 16 | S1: 17 | T1: 18 | U1: 19 | V1: 20
A2: id carte | B2: id cat pressentie | C2: Catégorie 1 | D2: Catégorie 2 | E2: Catégorie 3 | F2: Catégorie 4 | G2: Catégorie 5 | H2: Catégorie 6 | I2: Catégorie 7 | J2: Catégorie 8 | K2: Catégorie 9 | L2: Catégorie 10 | M2: Catégorie 11 | N2: Catégorie 12 | O2: Catégorie 13 | P2: Catégorie 14 | Q2: Catégorie 15 | R2: Catégorie 16 | S2: Catégorie 17 | T2: Catégorie 18 | U2: Catégorie 19 | V2: Catégorie 20
A3: {=Cartes!A2:A101} -> 1 | B3: =INDEX(Cartes!$C$2:$C$101,MATCH($A3,Cartes!$A$2:$A$101,0)) -> 14 | D3: =COUNTIF(Réponses!$B2:$U2,"="&D$1)/$B$103 -> 0.1 | E3: =COUNTIF(Réponses!$B2:$U2,"="&E$1)/$B$103 -> 0.25 | F3: =COUNTIF(Réponses!$B2:$U2,"="&F$1)/$B$103 -> 0 | G3: =COUNTIF(Réponses!$B2:$U2,"="&G$1)/$B$103 -> 0 | H3: =COUNTIF(Réponses!$B2:$U2,"="&H$1)/$B$103 -> 0 | I3: =COUNTIF(Réponses!$B2:$U2,"="&I$1)/$B$103 -> 0 | J3: =COUNTIF(Réponses!$B2:$U2,"="&J$1)/$B$103 -> 0 | K3: =COUNTIF(Réponses!$B2:$U2,"="&K$1)/$B$103 -> 0 | ... V3: =COUNTIF(Réponses!$B2:$U2,"="&V$1)/$B$103 -> 0
A4: 2 | B4: =INDEX(Cartes!$C$2:$C$101,MATCH($A4,Cartes!$A$2:$A$101,0)) -> 8 | C4: =COUNTIF(Réponses!$B3:$U3,"="&C$1)/$B$103 -> 0 | D4: =COUNTIF(Réponses!$B3:$U3,"="&D$1)/$B$103 -> 0.05 | E4: =COUNTIF(Réponses!$B3:$U3,"="&E$1)/$B$103 -> 0.1 | F4: =COUNTIF(Réponses!$B3:$U3,"="&F$1)/$B$103 -> 0 | G4: =COUNTIF(Réponses!$B3:$U3,"="&G$1)/$B$103 -> 0 | H4: =COUNTIF(Réponses!$B3:$U3,"="&H$1)/$B$103 -> 0 | I4: =COUNTIF(Réponses!$B3:$U3,"="&I$1)/$B$103 -> 0 | J4: =COUNTIF(Réponses!$B3:$U3,"="&J$1)/$B$103 -> 0.2 | ... V4: =COUNTIF(Réponses!$B3:$U3,"="&V$1)/$B$103 -> 0
A5: 3 | B5: =INDEX(Cartes!$C$2:$C$101,MATCH($A5,Cartes!$A$2:$A$101,0)) -> 19 | C5: =COUNTIF(Réponses!$B4:$U4,"="&C$1)/$B$103 -> 0 | D5: =COUNTIF(Réponses!$B4:$U4,"="&D$1)/$B$103 -> 0 | E5: =COUNTIF(Réponses!$B4:$U4,"="&E$1)/$B$103 -> 0.05 | F5: =COUNTIF(Réponses!$B4:$U4,"="&F$1)/$B$103 -> 0 | G5: =COUNTIF(Réponses!$B4:$U4,"="&G$1)/$B$103 -> 0 | H5: =COUNTIF(Réponses!$B4:$U4,"="&H$1)/$B$103 -> 0 | I5: =COUNTIF(Réponses!$B4:$U4,"="&I$1)/$B$103 -> 0 | J5: =COUNTIF(Réponses!$B4:$U4,"="&J$1)/$B$103 -> 0 | ... V5: =COUNTIF(Réponses!$B4:$U4,"="&V$1)/$B$103 -> 0
A6: 4 | B6: =INDEX(Cartes!$C$2:$C$101,MATCH($A6,Cartes!$A$2:$A$101,0)) -> 18 | C6: =COUNTIF(Réponses!$B5:$U5,"="&C$1)/$B$103 -> 0 | D6: =COUNTIF(Réponses!$B5:$U5,"="&D$1)/$B$103 -> 0 | E6: =COUNTIF(Réponses!$B5:$U5,"="&E$1)/$B$103 -> 0 | F6: =COUNTIF(Réponses!$B5:$U5,"="&F$1)/$B$103 -> 0 | G6: =COUNTIF(Réponses!$B5:$U5,"="&G$1)/$B$103 -> 0 | H6: =COUNTIF(Réponses!$B5:$U5,"="&H$1)/$B$103 -> 0 | I6: =COUNTIF(Réponses!$B5:$U5,"="&I$1)/$B$103 -> 0 | J6: =COUNTIF(Réponses!$B5:$U5,"="&J$1)/$B$103 -> 0 | ... V6: =COUNTIF(Réponses!$B5:$U5,"="&V$1)/$B$103 -> 0
A7: 5 | B7: =INDEX(Cartes!$C$2:$C$101,MATCH($A7,Cartes!$A$2:$A$101,0)) -> 9 | C7: =COUNTIF(Réponses!$B6:$U6,"="&C$1)/$B$103 -> 0 | D7: =COUNTIF(Réponses!$B6:$U6,"="&D$1)/$B$103 -> 0 | E7: =COUNTIF(Réponses!$B6:$U6,"="&E$1)/$B$103 -> 0 | F7: =COUNTIF(Réponses!$B6:$U6,"="&F$1)/$B$103 -> 0 | G7: =COUNTIF(Réponses!$B6:$U6,"="&G$1)/$B$103 -> 0 | H7: =COUNTIF(Réponses!$B6:$U6,"="&H$1)/$B$103 -> 0 | I7: =COUNTIF(Réponses!$B6:$U6,"="&I$1)/$B$103 -> 0 | J7: =COUNTIF(Réponses!$B6:$U6,"="&J$1)/$B$103 -> 0 | ... V7: =COUNTIF(Réponses!$B6:$U6,"="&V$1)/$B$103 -> 0
A8: 6 | B8: =INDEX(Cartes!$C$2:$C$101,MATCH($A8,Cartes!$A$2:$A$101,0)) -> 1 | C8: =COUNTIF(Réponses!$B7:$U7,"="&C$1)/$B$103 -> 1 | D8: =COUNTIF(Réponses!$B7:$U7,"="&D$1)/$B$103 -> 0 | E8: =COUNTIF(Réponses!$B7:$U7,"="&E$1)/$B$103 -> 0 | F8: =COUNTIF(Réponses!$B7:$U7,"="&F$1)/$B$103 -> 0 | G8: =COUNTIF(Réponses!$B7:$U7,"="&G$1)/$B$103 -> 0 | H8: =COUNTIF(Réponses!$B7:$U7,"="&H$1)/$B$103 -> 0 | I8: =COUNTIF(Réponses!$B7:$U7,"="&I$1)/$B$103 -> 0 | J8: =COUNTIF(Réponses!$B7:$U7,"="&J$1)/$B$103 -> 0 | ... V8: =COUNTIF(Réponses!$B7:$U7,"="&V$1)/$B$103 -> 0
A9: 7 | B9: =INDEX(Cartes!$C$2:$C$101,MATCH($A9,Cartes!$A$2:$A$101,0)) -> 15 | C9: =COUNTIF(Réponses!$B8:$U8,"="&C$1)/$B$103 -> 0 | D9: =COUNTIF(Réponses!$B8:$U8,"="&D$1)/$B$103 -> 0 | E9: =COUNTIF(Réponses!$B8:$U8,"="&E$1)/$B$103 -> 0 | F9: =COUNTIF(Réponses!$B8:$U8,"="&F$1)/$B$103 -> 0 | G9: =COUNTIF(Réponses!$B8:$U8,"="&G$1)/$B$103 -> 0 | H9: =COUNTIF(Réponses!$B8:$U8,"="&H$1)/$B$103 -> 0 | I9: =COUNTIF(Réponses!$B8:$U8,"="&I$1)/$B$103 -> 0 | J9: =COUNTIF(Réponses!$B8:$U8,"="&J$1)/$B$103 -> 0 | ... V9: =COUNTIF(Réponses!$B8:$U8,"="&V$1)/$B$103 -> 0
A10: 8 | B10: =INDEX(Cartes!$C$2:$C$101,MATCH($A10,Cartes!$A$2:$A$101,0)) -> 2 | C10: =COUNTIF(Réponses!$B9:$U9,"="&C$1)/$B$103 -> 0 | D10: =COUNTIF(Réponses!$B9:$U9,"="&D$1)/$B$103 -> 1 | E10: =COUNTIF(Réponses!$B9:$U9,"="&E$1)/$B$103 -> 0 | F10: =COUNTIF(Réponses!$B9:$U9,"="&F$1)/$B$103 -> 0 | G10: =COUNTIF(Réponses!$B9:$U9,"="&G$1)/$B$103 -> 0 | H10: =COUNTIF(Réponses!$B9:$U9,"="&H$1)/$B$103 -> 0 | I10: =COUNTIF(Réponses!$B9:$U9,"="&I$1)/$B$103 -> 0 | J10: =COUNTIF(Réponses!$B9:$U9,"="&J$1)/$B$103 -> 0 | ... V10: =COUNTIF(Réponses!$B9:$U9,"="&V$1)/$B$103 -> 0
A11: 9 | B11: =INDEX(Cartes!$C$2:$C$101,MATCH($A11,Cartes!$A$2:$A$101,0)) -> 7 | C11: =COUNTIF(Réponses!$B10:$U10,"="&C$1)/$B$103 -> 0 | D11: =COUNTIF(Réponses!$B10:$U10,"="&D$1)/$B$103 -> 0 | E11: =COUNTIF(Réponses!$B10:$U10,"="&E$1)/$B$103 -> 0 | F11: =COUNTIF(Réponses!$B10:$U10,"="&F$1)/$B$103 -> 0 | G11: =COUNTIF(Réponses!$B10:$U10,"="&G$1)/$B$103 -> 0 | H11: =COUNTIF(Réponses!$B10:$U10,"="&H$1)/$B$103 -> 0 | I11: =COUNTIF(Réponses!$B10:$U10,"="&I$1)/$B$103 -> 1 | J11: =COUNTIF(Réponses!$B10:$U10,"="&J$1)/$B$103 -> 0 | ... V11: =COUNTIF(Réponses!$B10:$U10,"="&V$1)/$B$103 -> 0
A12: 10 | B12: =INDEX(Cartes!$C$2:$C$101,MATCH($A12,Cartes!$A$2:$A$101,0)) -> 18 | C12: =COUNTIF(Réponses!$B11:$U11,"="&C$1)/$B$103 -> 0 | D12: =COUNTIF(Réponses!$B11:$U11,"="&D$1)/$B$103 -> 0 | E12: =COUNTIF(Réponses!$B11:$U11,"="&E$1)/$B$103 -> 0 | F12: =COUNTIF(Réponses!$B11:$U11,"="&F$1)/$B$103 -> 0 | G12: =COUNTIF(Réponses!$B11:$U11,"="&G$1)/$B$103 -> 0 | H12: =COUNTIF(Réponses!$B11:$U11,"="&H$1)/$B$103 -> 0 | I12: =COUNTIF(Réponses!$B11:$U11,"="&I$1)/$B$103 -> 0 | J12: =COUNTIF(Réponses!$B11:$U11,"="&J$1)/$B$103 -> 0 | ... V12: =COUNTIF(Réponses!$B11:$U11,"="&V$1)/$B$103 -> 0
A13: 11 | B13: =INDEX(Cartes!$C$2:$C$101,MATCH($A13,Cartes!$A$2:$A$101,0)) -> 2 | C13: =COUNTIF(Réponses!$B12:$U12,"="&C$1)/$B$103 -> 0 | D13: =COUNTIF(Réponses!$B12:$U12,"="&D$1)/$B$103 -> 1 | E13: =COUNTIF(Réponses!$B12:$U12,"="&E$1)/$B$103 -> 0 | F13: =COUNTIF(Réponses!$B12:$U12,"="&F$1)/$B$103 -> 0 | G13: =COUNTIF(Réponses!$B12:$U12,"="&G$1)/$B$103 -> 0 | H13: =COUNTIF(Réponses!$B12:$U12,"="&H$1)/$B$103 -> 0 | I13: =COUNTIF(Réponses!$B12:$U12,"="&I$1)/$B$103 -> 0 | J13: =COUNTIF(Réponses!$B12:$U12,"="&J$1)/$B$103 -> 0 | ... V13: =COUNTIF(Réponses!$B12:$U12,"="&V$1)/$B$103 -> 0
A14: 12 | B14: =INDEX(Cartes!$C$2:$C$101,MATCH($A14,Cartes!$A$2:$A$101,0)) -> 1 | C14: =COUNTIF(Réponses!$B13:$U13,"="&C$1)/$B$103 -> 1 | D14: =COUNTIF(Réponses!$B13:$U13,"="&D$1)/$B$103 -> 0 | E14: =COUNTIF(Réponses!$B13:$U13,"="&E$1)/$B$103 -> 0 | F14: =COUNTIF(Réponses!$B13:$U13,"="&F$1)/$B$103 -> 0 | G14: =COUNTIF(Réponses!$B13:$U13,"="&G$1)/$B$103 -> 0 | H14: =COUNTIF(Réponses!$B13:$U13,"="&H$1)/$B$103 -> 0 | I14: =COUNTIF(Réponses!$B13:$U13,"="&I$1)/$B$103 -> 0 | J14: =COUNTIF(Réponses!$B13:$U13,"="&J$1)/$B$103 -> 0 | ... V14: =COUNTIF(Réponses!$B13:$U13,"="&V$1)/$B$103 -> 0
A15: 13 | B15: =INDEX(Cartes!$C$2:$C$101,MATCH($A15,Cartes!$A$2:$A$101,0)) -> 19 | C15: =COUNTIF(Réponses!$B14:$U14,"="&C$1)/$B$103 -> 0 | D15: =COUNTIF(Réponses!$B14:$U14,"="&D$1)/$B$103 -> 0 | E15: =COUNTIF(Réponses!$B14:$U14,"="&E$1)/$B$103 -> 0 | F15: =COUNTIF(Réponses!$B14:$U14,"="&F$1)/$B$103 -> 0 | G15: =COUNTIF(Réponses!$B14:$U14,"="&G$1)/$B$103 -> 0 | H15: =COUNTIF(Réponses!$B14:$U14,"="&H$1)/$B$103 -> 0 | I15: =COUNTIF(Réponses!$B14:$U14,"="&I$1)/$B$103 -> 0 | J15: =COUNTIF(Réponses!$B14:$U14,"="&J$1)/$B$103 -> 0 | ... V15: =COUNTIF(Réponses!$B14:$U14,"="&V$1)/$B$103 -> 0
... A102: 100 | B102: =INDEX(Cartes!$C$2:$C$101,MATCH($A102,Cartes!$A$2:$A$101,0)) -> 17 | C102: =COUNTIF(Réponses!$B101:$U101,"="&C$1)/$B$103 -> 0 | D102: =COUNTIF(Réponses!$B101:$U101,"="&D$1)/$B$103 -> 0 | E102: =COUNTIF(Réponses!$B101:$U101,"="&E$1)/$B$103 -> 0 | F102: =COUNTIF(Réponses!$B101:$U101,"="&F$1)/$B$103 -> 0 | G102: =COUNTIF(Réponses!$B101:$U101,"="&G$1)/$B$103 -> 0 | H102: =COUNTIF(Réponses!$B101:$U101,"="&H$1)/$B$103 -> 0 | I102: =COUNTIF(Réponses!$B101:$U101,"="&I$1)/$B$103 -> 0 | J102: =COUNTIF(Réponses!$B101:$U101,"="&J$1)/$B$103 -> 0 | ... V102: =COUNTIF(Réponses!$B101:$U101,"="&V$1)/$B$103 -> 0
B103: =COUNTA(Réponses!B2:U2) -> 20 | C103: =AVERAGEIF($B$3:$B$102, C$1, C$3:C$102) -> 0.98333333 | D103: =AVERAGEIF($B$3:$B$102, D$1, D$3:D$102) -> 1 | E103: =AVERAGEIF($B$3:$B$102, E$1, E$3:E$102) -> 1 | F103: =AVERAGEIF($B$3:$B$102, F$1, F$3:F$102) -> 0.9875 | G103: =AVERAGEIF($B$3:$B$102, G$1, G$3:G$102) -> 1 | H103: =AVERAGEIF($B$3:$B$102, H$1, H$3:H$102) -> 1 | I103: =AVERAGEIF($B$3:$B$102, I$1, I$3:I$102) -> 0.975 | J103: =AVERAGEIF($B$3:$B$102, J$1, J$3:J$102) -> 0.88571429 | ... V103: =AVERAGEIF($B$3:$B$102, V$1, V$3:V$102) -> 1

Sheet Fiabilité catégories
B1: Libellé de catégorie | C1: Fiabilité | D1: {=TRANSPOSE(A2:A21)} -> 1 | E1: 2 | F1: 3 | G1: 4 | H1: 5 | I1: 6 | J1: 7 | K1: 8 | L1: 9 | M1: 10 | N1: 11 | O1: 12 | P1: 13 | Q1: 14 | R1: 15 | S1: 16 | T1: 17 | U1: 18 | V1: 19 | W1: 20
A2: 1 | B2: Catégorie 1 | C2: {=TRANSPOSE('Analyse du classement'!C103:V103)} -> 0.98333333 | D2: =AVERAGEIF('Analyse du classement'!$B$3:$B$102, $A2, 'Analyse du classement'!C$3:C$102) -> 0.98333333 | E2: =AVERAGEIF('Analyse du classement'!$B$3:$B$102, $A2, 'Analyse du classement'!D$3:D$102) -> 0 | F2: =AVERAGEIF('Analyse du classement'!$B$3:$B$102, $A2, 'Analyse du classement'!E$3:E$102) -> 0 | G2: =AVERAGEIF('Analyse du classement'!$B$3:$B$102, $A2, 'Analyse du classement'!F$3:F$102) -> 0.0083333333 | H2: =AVERAGEIF('Analyse du classement'!$B$3:$B$102, $A2, 'Analyse du classement'!G$3:G$102) -> 0 | I2: =AVERAGEIF('Analyse du classement'!$B$3:$B$102, $A2, 'Analyse du classement'!H$3:H$102) -> 0 | J2: =AVERAGEIF('Analyse du classement'!$B$3:$B$102, $A2, 'Analyse du classement'!I$3:I$102) -> 0.0083333333 | K2: =AVERAGEIF('Analyse du classement'!$B$3:$B$102, $A2, 'Analyse du classement'!J$3:J$102) -> 0 | ... W2: =AVERAGEIF('Analyse du classement'!$B$3:$B$102, $A2, 'Analyse du classement'!V$3:V$102) -> 0
A3: 2 | B3: Catégorie 2 | C3: 1 | D3: =AVERAGEIF('Analyse du classement'!$B$3:$B$102, $A3, 'Analyse du classement'!C$3:C$102) -> 0 | E3: =AVERAGEIF('Analyse du classement'!$B$3:$B$102, $A3, 'Analyse du classement'!D$3:D$102) -> 1 | F3: =AVERAGEIF('Analyse du classement'!$B$3:$B$102, $A3, 'Analyse du classement'!E$3:E$102) -> 0 | G3: =AVERAGEIF('Analyse du classement'!$B$3:$B$102, $A3, 'Analyse du classement'!F$3:F$102) -> 0 | H3: =AVERAGEIF('Analyse du classement'!$B$3:$B$102, $A3, 'Analyse du classement'!G$3:G$102) -> 0 | I3: =AVERAGEIF('Analyse du classement'!$B$3:$B$102, $A3, 'Analyse du classement'!H$3:H$102) -> 0 | J3: =AVERAGEIF('Analyse du classement'!$B$3:$B$102, $A3, 'Analyse du classement'!I$3:I$102) -> 0 | K3: =AVERAGEIF('Analyse du classement'!$B$3:$B$102, $A3, 'Analyse du classement'!J$3:J$102) -> 0 | ... W3: =AVERAGEIF('Analyse du classement'!$B$3:$B$102, $A3, 'Analyse du classement'!V$3:V$102) -> 0
A4: 3 | B4: Catégorie 3 | C4: 1 | D4: =AVERAGEIF('Analyse du classement'!$B$3:$B$102, $A4, 'Analyse du classement'!C$3:C$102) -> 0 | E4: =AVERAGEIF('Analyse du classement'!$B$3:$B$102, $A4, 'Analyse du classement'!D$3:D$102) -> 0 | F4: =AVERAGEIF('Analyse du classement'!$B$3:$B$102, $A4, 'Analyse du classement'!E$3:E$102) -> 1 | G4: =AVERAGEIF('Analyse du classement'!$B$3:$B$102, $A4, 'Analyse du classement'!F$3:F$102) -> 0 | H4: =AVERAGEIF('Analyse du classement'!$B$3:$B$102, $A4, 'Analyse du classement'!G$3:G$102) -> 0 | I4: =AVERAGEIF('Analyse du classement'!$B$3:$B$102, $A4, 'Analyse du classement'!H$3:H$102) -> 0 | J4: =AVERAGEIF('Analyse du classement'!$B$3:$B$102, $A4, 'Analyse du classement'!I$3:I$102) -> 0 | K4: =AVERAGEIF('Analyse du classement'!$B$3:$B$102, $A4, 'Analyse du classement'!J$3:J$102) -> 0 | ... W4: =AVERAGEIF('Analyse du classement'!$B$3:$B$102, $A4, 'Analyse du classement'!V$3:V$102) -> 0
A5: 4 | B5: Catégorie 4 | C5: 0.9875 | D5: =AVERAGEIF('Analyse du classement'!$B$3:$B$102, $A5, 'Analyse du classement'!C$3:C$102) -> 0 | E5: =AVERAGEIF('Analyse du classement'!$B$3:$B$102, $A5, 'Analyse du classement'!D$3:D$102) -> 0 | F5: =AVERAGEIF('Analyse du classement'!$B$3:$B$102, $A5, 'Analyse du classement'!E$3:E$102) -> 0 | G5: =AVERAGEIF('Analyse du classement'!$B$3:$B$102, $A5, 'Analyse du classement'!F$3:F$102) -> 0.9875 | H5: =AVERAGEIF('Analyse du classement'!$B$3:$B$102, $A5, 'Analyse du classement'!G$3:G$102) -> 0 | I5: =AVERAGEIF('Analyse du classement'!$B$3:$B$102, $A5, 'Analyse du classement'!H$3:H$102) -> 0 | J5: =AVERAGEIF('Analyse du classement'!$B$3:$B$102, $A5, 'Analyse du classement'!I$3:I$102) -> 0 | K5: =AVERAGEIF('Analyse du classement'!$B$3:$B$102, $A5, 'Analyse du classement'!J$3:J$102) -> 0 | ... W5: =AVERAGEIF('Analyse du classement'!$B$3:$B$102, $A5, 'Analyse du classement'!V$3:V$102) -> 0
A6: 5 | B6: Catégorie 5 | C6: 1 | D6: =AVERAGEIF('Analyse du classement'!$B$3:$B$102, $A6, 'Analyse du classement'!C$3:C$102) -> 0 | E6: =AVERAGEIF('Analyse du classement'!$B$3:$B$102, $A6, 'Analyse du classement'!D$3:D$102) -> 0 | F6: =AVERAGEIF('Analyse du classement'!$B$3:$B$102, $A6, 'Analyse du classement'!E$3:E$102) -> 0 | G6: =AVERAGEIF('Analyse du classement'!$B$3:$B$102, $A6, 'Analyse du classement'!F$3:F$102) -> 0 | H6: =AVERAGEIF('Analyse du classement'!$B$3:$B$102, $A6, 'Analyse du classement'!G$3:G$102) -> 1 | I6: =AVERAGEIF('Analyse du classement'!$B$3:$B$102, $A6, 'Analyse du classement'!H$3:H$102) -> 0 | J6: =AVERAGEIF('Analyse du classement'!$B$3:$B$102, $A6, 'Analyse du classement'!I$3:I$102) -> 0 | K6: =AVERAGEIF('Analyse du classement'!$B$3:$B$102, $A6, 'Analyse du classement'!J$3:J$102) -> 0 | ... W6: =AVERAGEIF('Analyse du classement'!$B$3:$B$102, $A6, 'Analyse du classement'!V$3:V$102) -> 0
A7: 6 | B7: Catégorie 6 | C7: 1 | D7: =AVERAGEIF('Analyse du classement'!$B$3:$B$102, $A7, 'Analyse du classement'!C$3:C$102) -> 0 | E7: =AVERAGEIF('Analyse du classement'!$B$3:$B$102, $A7, 'Analyse du classement'!D$3:D$102) -> 0 | F7: =AVERAGEIF('Analyse du classement'!$B$3:$B$102, $A7, 'Analyse du classement'!E$3:E$102) -> 0 | G7: =AVERAGEIF('Analyse du classement'!$B$3:$B$102, $A7, 'Analyse du classement'!F$3:F$102) -> 0 | H7: =AVERAGEIF('Analyse du classement'!$B$3:$B$102, $A7, 'Analyse du classement'!G$3:G$102) -> 0 | I7: =AVERAGEIF('Analyse du classement'!$B$3:$B$102, $A7, 'Analyse du classement'!H$3:H$102) -> 1 | J7: =AVERAGEIF('Analyse du classement'!$B$3:$B$102, $A7, 'Analyse du classement'!I$3:I$102) -> 0 | K7: =AVERAGEIF('Analyse du classement'!$B$3:$B$102, $A7, 'Analyse du classement'!J$3:J$102) -> 0 | ... W7: =AVERAGEIF('Analyse du classement'!$B$3:$B$102, $A7, 'Analyse du classement'!V$3:V$102) -> 0
A8: 7 | B8: Catégorie 7 | C8: 0.975 | D8: =AVERAGEIF('Analyse du classement'!$B$3:$B$102, $A8, 'Analyse du classement'!C$3:C$102) -> 0 | E8: =AVERAGEIF('Analyse du classement'!$B$3:$B$102, $A8, 'Analyse du classement'!D$3:D$102) -> 0 | F8: =AVERAGEIF('Analyse du classement'!$B$3:$B$102, $A8, 'Analyse du classement'!E$3:E$102) -> 0 | G8: =AVERAGEIF('Analyse du classement'!$B$3:$B$102, $A8, 'Analyse du classement'!F$3:F$102) -> 0.0125 | H8: =AVERAGEIF('Analyse du classement'!$B$3:$B$102, $A8, 'Analyse du classement'!G$3:G$102) -> 0 | I8: =AVERAGEIF('Analyse du classement'!$B$3:$B$102, $A8, 'Analyse du classement'!H$3:H$102) -> 0 | J8: =AVERAGEIF('Analyse du classement'!$B$3:$B$102, $A8, 'Analyse du classement'!I$3:I$102) -> 0.975 | K8: =AVERAGEIF('Analyse du classement'!$B$3:$B$102, $A8, 'Analyse du classement'!J$3:J$102) -> 0 | ... W8: =AVERAGEIF('Analyse du classement'!$B$3:$B$102, $A8, 'Analyse du classement'!V$3:V$102) -> 0
A9: 8 | B9: Catégorie 8 | C9: 0.88571429 | D9: =AVERAGEIF('Analyse du classement'!$B$3:$B$102, $A9, 'Analyse du classement'!C$3:C$102) -> 0 | E9: =AVERAGEIF('Analyse du classement'!$B$3:$B$102, $A9, 'Analyse du classement'!D$3:D$102) -> 0.0071428571 | F9: =AVERAGEIF('Analyse du classement'!$B$3:$B$102, $A9, 'Analyse du classement'!E$3:E$102) -> 0.014285714 | G9: =AVERAGEIF('Analyse du classement'!$B$3:$B$102, $A9, 'Analyse du classement'!F$3:F$102) -> 0 | H9: =AVERAGEIF('Analyse du classement'!$B$3:$B$102, $A9, 'Analyse du classement'!G$3:G$102) -> 0 | I9: =AVERAGEIF('Analyse du classement'!$B$3:$B$102, $A9, 'Analyse du classement'!H$3:H$102) -> 0 | J9: =AVERAGEIF('Analyse du classement'!$B$3:$B$102, $A9, 'Analyse du classement'!I$3:I$102) -> 0 | K9: =AVERAGEIF('Analyse du classement'!$B$3:$B$102, $A9, 'Analyse du classement'!J$3:J$102) -> 0.88571429 | ... W9: =AVERAGEIF('Analyse du classement'!$B$3:$B$102, $A9, 'Analyse du classement'!V$3:V$102) -> 0
A10: 9 | B10: Catégorie 9 | C10: 1 | D10: =AVERAGEIF('Analyse du classement'!$B$3:$B$102, $A10, 'Analyse du classement'!C$3:C$102) -> 0 | E10: =AVERAGEIF('Analyse du classement'!$B$3:$B$102, $A10, 'Analyse du classement'!D$3:D$102) -> 0 | F10: =AVERAGEIF('Analyse du classement'!$B$3:$B$102, $A10, 'Analyse du classement'!E$3:E$102) -> 0 | G10: =AVERAGEIF('Analyse du classement'!$B$3:$B$102, $A10, 'Analyse du classement'!F$3:F$102) -> 0 | H10: =AVERAGEIF('Analyse du classement'!$B$3:$B$102, $A10, 'Analyse du classement'!G$3:G$102) -> 0 | I10: =AVERAGEIF('Analyse du classement'!$B$3:$B$102, $A10, 'Analyse du classement'!H$3:H$102) -> 0 | J10: =AVERAGEIF('Analyse du classement'!$B$3:$B$102, $A10, 'Analyse du classement'!I$3:I$102) -> 0 | K10: =AVERAGEIF('Analyse du classement'!$B$3:$B$102, $A10, 'Analyse du classement'!J$3:J$102) -> 0 | ... W10: =AVERAGEIF('Analyse du classement'!$B$3:$B$102, $A10, 'Analyse du classement'!V$3:V$102) -> 0
A11: 10 | B11: Catégorie 10 | C11: 1 | D11: =AVERAGEIF('Analyse du classement'!$B$3:$B$102, $A11, 'Analyse du classement'!C$3:C$102) -> 0 | E11: =AVERAGEIF('Analyse du classement'!$B$3:$B$102, $A11, 'Analyse du classement'!D$3:D$102) -> 0 | F11: =AVERAGEIF('Analyse du classement'!$B$3:$B$102, $A11, 'Analyse du classement'!E$3:E$102) -> 0 | G11: =AVERAGEIF('Analyse du classement'!$B$3:$B$102, $A11, 'Analyse du classement'!F$3:F$102) -> 0 | H11: =AVERAGEIF('Analyse du classement'!$B$3:$B$102, $A11, 'Analyse du classement'!G$3:G$102) -> 0 | I11: =AVERAGEIF('Analyse du classement'!$B$3:$B$102, $A11, 'Analyse du classement'!H$3:H$102) -> 0 | J11: =AVERAGEIF('Analyse du classement'!$B$3:$B$102, $A11, 'Analyse du classement'!I$3:I$102) -> 0 | K11: =AVERAGEIF('Analyse du classement'!$B$3:$B$102, $A11, 'Analyse du classement'!J$3:J$102) -> 0 | ... W11: =AVERAGEIF('Analyse du classement'!$B$3:$B$102, $A11, 'Analyse du classement'!V$3:V$102) -> 0
A12: 11 | B12: Catégorie 11 | C12: 0.96666667 | D12: =AVERAGEIF('Analyse du classement'!$B$3:$B$102, $A12, 'Analyse du classement'!C$3:C$102) -> 0 | E12: =AVERAGEIF('Analyse du classement'!$B$3:$B$102, $A12, 'Analyse du classement'!D$3:D$102) -> 0 | F12: =AVERAGEIF('Analyse du classement'!$B$3:$B$102, $A12, 'Analyse du classement'!E$3:E$102) -> 0 | G12: =AVERAGEIF('Analyse du classement'!$B$3:$B$102, $A12, 'Analyse du classement'!F$3:F$102) -> 0 | H12: =AVERAGEIF('Analyse du classement'!$B$3:$B$102, $A12, 'Analyse du classement'!G$3:G$102) -> 0 | I12: =AVERAGEIF('Analyse du classement'!$B$3:$B$102, $A12, 'Analyse du classement'!H$3:H$102) -> 0 | J12: =AVERAGEIF('Analyse du classement'!$B$3:$B$102, $A12, 'Analyse du classement'!I$3:I$102) -> 0 | K12: =AVERAGEIF('Analyse du classement'!$B$3:$B$102, $A12, 'Analyse du classement'!J$3:J$102) -> 0 | ... W12: =AVERAGEIF('Analyse du classement'!$B$3:$B$102, $A12, 'Analyse du classement'!V$3:V$102) -> 0
A13: 12 | B13: Catégorie 12 | C13: 1 | D13: =AVERAGEIF('Analyse du classement'!$B$3:$B$102, $A13, 'Analyse du classement'!C$3:C$102) -> 0 | E13: =AVERAGEIF('Analyse du classement'!$B$3:$B$102, $A13, 'Analyse du classement'!D$3:D$102) -> 0 | F13: =AVERAGEIF('Analyse du classement'!$B$3:$B$102, $A13, 'Analyse du classement'!E$3:E$102) -> 0 | G13: =AVERAGEIF('Analyse du classement'!$B$3:$B$102, $A13, 'Analyse du classement'!F$3:F$102) -> 0 | H13: =AVERAGEIF('Analyse du classement'!$B$3:$B$102, $A13, 'Analyse du classement'!G$3:G$102) -> 0 | I13: =AVERAGEIF('Analyse du classement'!$B$3:$B$102, $A13, 'Analyse du classement'!H$3:H$102) -> 0 | J13: =AVERAGEIF('Analyse du classement'!$B$3:$B$102, $A13, 'Analyse du classement'!I$3:I$102) -> 0 | K13: =AVERAGEIF('Analyse du classement'!$B$3:$B$102, $A13, 'Analyse du classement'!J$3:J$102) -> 0 | ... W13: =AVERAGEIF('Analyse du classement'!$B$3:$B$102, $A13, 'Analyse du classement'!V$3:V$102) -> 0
A14: 13 | B14: Catégorie 13 | C14: 0.98 | D14: =AVERAGEIF('Analyse du classement'!$B$3:$B$102, $A14, 'Analyse du classement'!C$3:C$102) -> 0 | E14: =AVERAGEIF('Analyse du classement'!$B$3:$B$102, $A14, 'Analyse du classement'!D$3:D$102) -> 0 | F14: =AVERAGEIF('Analyse du classement'!$B$3:$B$102, $A14, 'Analyse du classement'!E$3:E$102) -> 0.01 | G14: =AVERAGEIF('Analyse du classement'!$B$3:$B$102, $A14, 'Analyse du classement'!F$3:F$102) -> 0 | H14: =AVERAGEIF('Analyse du classement'!$B$3:$B$102, $A14, 'Analyse du classement'!G$3:G$102) -> 0 | I14: =AVERAGEIF('Analyse du classement'!$B$3:$B$102, $A14, 'Analyse du classement'!H$3:H$102) -> 0 | J14: =AVERAGEIF('Analyse du classement'!$B$3:$B$102, $A14, 'Analyse du classement'!I$3:I$102) -> 0 | K14: =AVERAGEIF('Analyse du classement'!$B$3:$B$102, $A14, 'Analyse du classement'!J$3:J$102) -> 0 | ... W14: =AVERAGEIF('Analyse du classement'!$B$3:$B$102, $A14, 'Analyse du classement'!V$3:V$102) -> 0
... A21: 20 | B21: Catégorie 20 | C21: 1 | D21: =AVERAGEIF('Analyse du classement'!$B$3:$B$102, $A21, 'Analyse du classement'!C$3:C$102) -> 0 | E21: =AVERAGEIF('Analyse du classement'!$B$3:$B$102, $A21, 'Analyse du classement'!D$3:D$102) -> 0 | F21: =AVERAGEIF('Analyse du classement'!$B$3:$B$102, $A21, 'Analyse du classement'!E$3:E$102) -> 0 | G21: =AVERAGEIF('Analyse du classement'!$B$3:$B$102, $A21, 'Analyse du classement'!F$3:F$102) -> 0 | H21: =AVERAGEIF('Analyse du classement'!$B$3:$B$102, $A21, 'Analyse du classement'!G$3:G$102) -> 0 | I21: =AVERAGEIF('Analyse du classement'!$B$3:$B$102, $A21, 'Analyse du classement'!H$3:H$102) -> 0 | J21: =AVERAGEIF('Analyse du classement'!$B$3:$B$102, $A21, 'Analyse du classement'!I$3:I$102) -> 0 | K21: =AVERAGEIF('Analyse du classement'!$B$3:$B$102, $A21, 'Analyse du classement'!J$3:J$102) -> 0 | ... W21: =AVERAGEIF('Analyse du classement'!$B$3:$B$102, $A21, 'Analyse du classement'!V$3:V$102) -> 1
